file_name,repo_name,file_path,file_url,commit_sha,p_language,actual_status,process_status
build.gradle,cryptoexamples/java-tink-cryptoexamples,build.gradle,/cryptoexamples/java-tink-cryptoexamples/blob/6f55884036faff2c870430c404bdab607f930988/build.gradle,6f55884036faff2c870430c404bdab607f930988,Gradle,1,0
build.gradle,katrielalex/capillary,lib-android/build.gradle,/katrielalex/capillary/blob/1f0d066937b0235c65fb88e3fa970f59337a1dd1/lib-android/build.gradle,1f0d066937b0235c65fb88e3fa970f59337a1dd1,Gradle,1,0
build.gradle,batuan/capillary-tidy,lib-android/build.gradle,/batuan/capillary-tidy/blob/26057335887b2248fd3df991130709bbdf62c039/lib-android/build.gradle,26057335887b2248fd3df991130709bbdf62c039,Gradle,1,0
build.gradle,google/capillary,lib-android/build.gradle,/google/capillary/blob/997986db7a4ace850d02fdfeb73f4c92807a11e2/lib-android/build.gradle,997986db7a4ace850d02fdfeb73f4c92807a11e2,Gradle,1,0
build.gradle,IgarashiTakashi/DemoChain,build.gradle,/IgarashiTakashi/DemoChain/blob/c0bae7d2b27c8c9b9dc21330ab91ebb036dddf81/build.gradle,c0bae7d2b27c8c9b9dc21330ab91ebb036dddf81,Gradle,1,0
build.gradle,google/capillary,lib/build.gradle,/google/capillary/blob/997986db7a4ace850d02fdfeb73f4c92807a11e2/lib/build.gradle,997986db7a4ace850d02fdfeb73f4c92807a11e2,Gradle,1,0
build.gradle,katrielalex/capillary,lib/build.gradle,/katrielalex/capillary/blob/1f0d066937b0235c65fb88e3fa970f59337a1dd1/lib/build.gradle,1f0d066937b0235c65fb88e3fa970f59337a1dd1,Gradle,1,0
build.gradle,batuan/capillary-tidy,lib/build.gradle,/batuan/capillary-tidy/blob/26057335887b2248fd3df991130709bbdf62c039/lib/build.gradle,26057335887b2248fd3df991130709bbdf62c039,Gradle,1,0
pom.xml,JFJun/Bytom-offline-sign-java,btm-sign-java/pom.xml,/JFJun/Bytom-offline-sign-java/blob/bdc62457213dbd65a461ed4385c8f60bc6e460a7/btm-sign-java/pom.xml,bdc62457213dbd65a461ed4385c8f60bc6e460a7,Maven POM,0,0
pom.xml,smtcrms/tink,examples/helloworld/java/pom.xml,/smtcrms/tink/blob/fb59790cf99b6267ab9959d5cab9c73044ac72d7/examples/helloworld/java/pom.xml,fb59790cf99b6267ab9959d5cab9c73044ac72d7,Maven POM,0,0
pom.xml,google/tink,examples/helloworld/java/pom.xml,/google/tink/blob/5b83639e97c4dbd97093060dd9ca47857306fd8d/examples/helloworld/java/pom.xml,5b83639e97c4dbd97093060dd9ca47857306fd8d,Maven POM,0,0
build.gradle,piotr-szybicki/tink,keyCreator/build.gradle,/piotr-szybicki/tink/blob/eba693e05bbdcf46e35a8cb77d4d16f9ca533a70/keyCreator/build.gradle,eba693e05bbdcf46e35a8cb77d4d16f9ca533a70,Gradle,0,0
pom.xml,insightiotest/go,maven/apps/paymentmethodtoken/pom.xml,/insightiotest/go/blob/5add0f822bca1a6bfab41b880b0ced812e7eeeaa/maven/apps/paymentmethodtoken/pom.xml,5add0f822bca1a6bfab41b880b0ced812e7eeeaa,Maven POM,0,0
build.gradle,google/capillary,tools/build.gradle,/google/capillary/blob/997986db7a4ace850d02fdfeb73f4c92807a11e2/tools/build.gradle,997986db7a4ace850d02fdfeb73f4c92807a11e2,Gradle,1,0
build.gradle,pupamanyu/beam-pipelines,BQToBQ/build.gradle,/pupamanyu/beam-pipelines/blob/70f1b8cf878c126494f69fba301497ecb54eb22d/BQToBQ/build.gradle,70f1b8cf878c126494f69fba301497ecb54eb22d,Gradle,0,0
build.gradle,scottbrady91/Blog-Example-Classes,KotlinNimbusJoseJwt/build.gradle,/scottbrady91/Blog-Example-Classes/blob/9be416b83b4fccaf423402794caec00d5f125f58/KotlinNimbusJoseJwt/build.gradle,9be416b83b4fccaf423402794caec00d5f125f58,Gradle,0,0
build.gradle,Kennytian/react-native-tink,android/build.gradle,/Kennytian/react-native-tink/blob/f9d6f595b8df8ec1e491b55d4920e97807d22fa4/android/build.gradle,f9d6f595b8df8ec1e491b55d4920e97807d22fa4,Gradle,1,0
build.gradle,WeWorkSandbox/tink-signature-benchmark,build.gradle,/WeWorkSandbox/tink-signature-benchmark/blob/71243537518a037a9d5a32bd5d03398fcc3917e1/build.gradle,71243537518a037a9d5a32bd5d03398fcc3917e1,Gradle,1,0
build.gradle,pupamanyu/beam-pipelines,FileBySize/build.gradle,/pupamanyu/beam-pipelines/blob/aab30cb215adf57dfeb43243a0fa51665abcf06f/FileBySize/build.gradle,aab30cb215adf57dfeb43243a0fa51665abcf06f,Gradle,1,0
build.gradle,pupamanyu/beam-pipelines,JsonToBQ/build.gradle,/pupamanyu/beam-pipelines/blob/bb18fee45f1621e1445e798d895b3a37addbe35a/JsonToBQ/build.gradle,bb18fee45f1621e1445e798d895b3a37addbe35a,Gradle,0,0
build.gradle,pupamanyu/beam-pipelines,BQLoader/build.gradle,/pupamanyu/beam-pipelines/blob/6db1499fbc180fbf3cff5479dee65313ebfa717a/BQLoader/build.gradle,6db1499fbc180fbf3cff5479dee65313ebfa717a,Gradle,0,0
pom.xml,woodsongem/seahorse,seahorse/internal/shared/aop/pom.xml,/woodsongem/seahorse/blob/50e5d73b98a1c6bf221e9d6f33c8bef57156686b/seahorse/internal/shared/aop/pom.xml,50e5d73b98a1c6bf221e9d6f33c8bef57156686b,Maven POM,0,0
pom.xml,IThawk/SpringBootMicroService,pom.xml,/IThawk/SpringBootMicroService/blob/f9d2600ca927e3506858fa69726caf5615283963/pom.xml,f9d2600ca927e3506858fa69726caf5615283963,Maven POM,1,0
build.gradle,Abdullah-Naveed/HealthChain-Backend,build.gradle,/Abdullah-Naveed/HealthChain-Backend/blob/d9dcec0b9d677452a67f0929aef9036107f164d4/build.gradle,d9dcec0b9d677452a67f0929aef9036107f164d4,Gradle,1,0
build.gradle,pupamanyu/beam-pipelines,BQLoadJobsMonitor/build.gradle,/pupamanyu/beam-pipelines/blob/d1356c7e152420f7fba91832bb17a1e4659cb8bc/BQLoadJobsMonitor/build.gradle,d1356c7e152420f7fba91832bb17a1e4659cb8bc,Gradle,0,0
build.gradle,paritytech/React-Native-ECEncryption,android/build.gradle,/paritytech/React-Native-ECEncryption/blob/a163f80dab58dda063a6dfaa5bf09c8f28743719/android/build.gradle,a163f80dab58dda063a6dfaa5bf09c8f28743719,Gradle,1,0
build.gradle,PaylinePaymentMethod/payment-method-google-pay,build.gradle,/PaylinePaymentMethod/payment-method-google-pay/blob/34711e88dedc19201d95188060db9efb519c4aad/build.gradle,34711e88dedc19201d95188060db9efb519c4aad,Gradle,1,0
pom.xml,NOVA-ME/Java,pom.xml,/NOVA-ME/Java/blob/7fb64ce376b82cc4e75aba63f36e84d4df1f2321/pom.xml,7fb64ce376b82cc4e75aba63f36e84d4df1f2321,Maven POM,1,0
build.gradle,katrielalex/capillary,tools/build.gradle,/katrielalex/capillary/blob/1f0d066937b0235c65fb88e3fa970f59337a1dd1/tools/build.gradle,1f0d066937b0235c65fb88e3fa970f59337a1dd1,Gradle,1,0
build.gradle,pupamanyu/beam-pipelines,BeamPipelineMetrics/build.gradle,/pupamanyu/beam-pipelines/blob/2905c0b13ec645383bb1006432829ef35ca6374c/BeamPipelineMetrics/build.gradle,2905c0b13ec645383bb1006432829ef35ca6374c,Gradle,0,0
build.gradle,piotr-szybicki/tink,encryptedStorage/build.gradle,/piotr-szybicki/tink/blob/eba693e05bbdcf46e35a8cb77d4d16f9ca533a70/encryptedStorage/build.gradle,eba693e05bbdcf46e35a8cb77d4d16f9ca533a70,Gradle,1,0
pom.xml,AlexanderAgopov/Java-Ex,JDBCEx2/target/classes/META-INF/maven/JDBCEx2/JDBCEx2/pom.xml,/AlexanderAgopov/Java-Ex/blob/174f6e8dfcb897349ece9768839202cee532b9f4/JDBCEx2/target/classes/META-INF/maven/JDBCEx2/JDBCEx2/pom.xml,174f6e8dfcb897349ece9768839202cee532b9f4,Maven POM,1,0
pom.xml,AlexanderAgopov/Java-Ex,JDBCEx2/pom.xml,/AlexanderAgopov/Java-Ex/blob/174f6e8dfcb897349ece9768839202cee532b9f4/JDBCEx2/pom.xml,174f6e8dfcb897349ece9768839202cee532b9f4,Maven POM,1,0
build.gradle,Fi5t/advanced-tink,app/build.gradle,/Fi5t/advanced-tink/blob/b25a42c75662a443732362910995b1e8d71eb514/app/build.gradle,b25a42c75662a443732362910995b1e8d71eb514,Gradle,1,0
build.gradle,Bytom-Community/Bytom-Android-SDK,wallet/build.gradle,/Bytom-Community/Bytom-Android-SDK/blob/8ba50a76f9ede7ab2bfc620645b367c72ea4fd76/wallet/build.gradle,8ba50a76f9ede7ab2bfc620645b367c72ea4fd76,Gradle,1,0
build.gradle,givemepassxd999/test_tink,app/build.gradle,/givemepassxd999/test_tink/blob/42deaf7e86c6e56a0a7982337b1dc20614dc6997/app/build.gradle,42deaf7e86c6e56a0a7982337b1dc20614dc6997,Gradle,1,0
build.gradle,jackzhengpinwen/libanalytics,build.gradle,/jackzhengpinwen/libanalytics/blob/c992c81ae615bcaeb40e93e39c82ea97b94fddc6/build.gradle,c992c81ae615bcaeb40e93e39c82ea97b94fddc6,Gradle,1,0
build.gradle,batuan/capillary-tidy,tools/build.gradle,/batuan/capillary-tidy/blob/26057335887b2248fd3df991130709bbdf62c039/tools/build.gradle,26057335887b2248fd3df991130709bbdf62c039,Gradle,1,0
build.gradle,grzegorz2047/EncryptTextInAndroidTest,app/build.gradle,/grzegorz2047/EncryptTextInAndroidTest/blob/1ae25b650a3a54b26da4ee944dca668ee6f6be7d/app/build.gradle,1ae25b650a3a54b26da4ee944dca668ee6f6be7d,Gradle,1,0
build.gradle,PedroBrennon/Java_Android_Infnet_At,app/build.gradle,/PedroBrennon/Java_Android_Infnet_At/blob/b23c33b233cfa4029a353a3b9c6bda3cb248f4d8/app/build.gradle,b23c33b233cfa4029a353a3b9c6bda3cb248f4d8,Gradle,1,0
pom.xml,GoogleCloudPlatform/gcp-token-broker,apps/extensions/encryption/cloud-kms/pom.xml,/GoogleCloudPlatform/gcp-token-broker/blob/5a8bb6d892975384b14aa0c43d234b652b7765da/apps/extensions/encryption/cloud-kms/pom.xml,5a8bb6d892975384b14aa0c43d234b652b7765da,Maven POM,0,0
build.gradle,LoolzRules/EnDy-password-manager,app/build.gradle,/LoolzRules/EnDy-password-manager/blob/1c60598a1f4d56650e2025dd2c58fd950a439785/app/build.gradle,1c60598a1f4d56650e2025dd2c58fd950a439785,Gradle,1,0
build.gradle,jdkizer9/TinkTestDependencyIssue,app/build.gradle,/jdkizer9/TinkTestDependencyIssue/blob/6e4262aeb3e88f3da006fcfb1cc64fdca2d867ec/app/build.gradle,6e4262aeb3e88f3da006fcfb1cc64fdca2d867ec,Gradle,1,0
pom.xml,jmhaas/automation_practice,pom.xml,/jmhaas/automation_practice/blob/e2538fbb51e195bef119ea89e23fec4d95685a8d/pom.xml,e2538fbb51e195bef119ea89e23fec4d95685a8d,Maven POM,0,0
build.gradle,DthFish/HencoderDemo,app/build.gradle,/DthFish/HencoderDemo/blob/a15416f9399aee7d26729c169f1f62d71ef7da8a/app/build.gradle,a15416f9399aee7d26729c169f1f62d71ef7da8a,Gradle,1,0
pom.xml,sehgalabhi/ds,nimbus-jose-jwt-samples/pom.xml,/sehgalabhi/ds/blob/189f735dbe7b75e985503c18139fdaad35f89125/nimbus-jose-jwt-samples/pom.xml,189f735dbe7b75e985503c18139fdaad35f89125,Maven POM,0,0
pom.xml,meetdestiny/encryption,pom.xml,/meetdestiny/encryption/blob/a7a4f913e2c9e167947698fe0e4b03e9246a0d64/pom.xml,a7a4f913e2c9e167947698fe0e4b03e9246a0d64,Maven POM,0,0
build.gradle,Smeepo/scheduler,build.gradle,/Smeepo/scheduler/blob/76cfa457606e011223fcf46ef8a019cdd72772df/build.gradle,76cfa457606e011223fcf46ef8a019cdd72772df,Gradle,1,0
build.gradle,smtcrms/tink,examples/helloworld/android/app/build.gradle,/smtcrms/tink/blob/fb59790cf99b6267ab9959d5cab9c73044ac72d7/examples/helloworld/android/app/build.gradle,fb59790cf99b6267ab9959d5cab9c73044ac72d7,Gradle,1,0
build.gradle,stravag/android-sample-biometric-prompt,app/build.gradle,/stravag/android-sample-biometric-prompt/blob/5b6884d01ac7e72aa9e4821a3d31f9d8ebfb4609/app/build.gradle,5b6884d01ac7e72aa9e4821a3d31f9d8ebfb4609,Gradle,1,0
pom.xml,woodsongem/seahorse,seahorse/internal/shared/KatavuccolCommon/pom.xml,/woodsongem/seahorse/blob/50e5d73b98a1c6bf221e9d6f33c8bef57156686b/seahorse/internal/shared/KatavuccolCommon/pom.xml,50e5d73b98a1c6bf221e9d6f33c8bef57156686b,Maven POM,1,0
pom.xml,deskos-xp/eChattR,target/classes/META-INF/maven/eChatter/eChatter/pom.xml,/deskos-xp/eChattR/blob/2a68750ef2f96e9cdaa1931a973315377f8290d6/target/classes/META-INF/maven/eChatter/eChatter/pom.xml,2a68750ef2f96e9cdaa1931a973315377f8290d6,Maven POM,1,0
build.gradle,google/capillary,demo/server/build.gradle,/google/capillary/blob/997986db7a4ace850d02fdfeb73f4c92807a11e2/demo/server/build.gradle,997986db7a4ace850d02fdfeb73f4c92807a11e2,Gradle,1,0
pom.xml,deskos-xp/eChattR,pom.xml,/deskos-xp/eChattR/blob/2a68750ef2f96e9cdaa1931a973315377f8290d6/pom.xml,2a68750ef2f96e9cdaa1931a973315377f8290d6,Maven POM,1,0
build.gradle,fractalzombie/crypto-service-java,build.gradle,/fractalzombie/crypto-service-java/blob/159fba127d7b94aec01765d88c6ac86250bfd591/build.gradle,159fba127d7b94aec01765d88c6ac86250bfd591,Gradle,0,0
build.gradle,insightiotest/go,examples/helloworld/android/app/build.gradle,/insightiotest/go/blob/5add0f822bca1a6bfab41b880b0ced812e7eeeaa/examples/helloworld/android/app/build.gradle,5add0f822bca1a6bfab41b880b0ced812e7eeeaa,Gradle,1,0
build.gradle,thomasbrunetti3/B2,examples/helloworld/android/app/build.gradle,/thomasbrunetti3/B2/blob/41cf62abd48ec15df53db725be65f1dc6db04b58/examples/helloworld/android/app/build.gradle,41cf62abd48ec15df53db725be65f1dc6db04b58,Gradle,1,0
pom.xml,HelloJocelyn/java-practice,encryption-practice/pom.xml,/HelloJocelyn/java-practice/blob/bf9223dde29971e5dd4d4f2b9b0e0656404a9237/encryption-practice/pom.xml,bf9223dde29971e5dd4d4f2b9b0e0656404a9237,Maven POM,1,0
pom.xml,iamazy/audit-spring-cloud-starter,pom.xml,/iamazy/audit-spring-cloud-starter/blob/e927256ef63b50ad77afe7d67261f5346dc2e6a1/pom.xml,e927256ef63b50ad77afe7d67261f5346dc2e6a1,Maven POM,0,0
pom.xml,spatzlsberger/Password-Manager,pom.xml,/spatzlsberger/Password-Manager/blob/151d9e3473b4ad1eece2540da23eb337cf30a5c5/pom.xml,151d9e3473b4ad1eece2540da23eb337cf30a5c5,Maven POM,0,0
build.gradle,WPIRoboticsEngineering/LabCodeRepoSetup,LabCodeRepoSetup/build.gradle,/WPIRoboticsEngineering/LabCodeRepoSetup/blob/4cfd1a6c4932b6f21b8ce32c66d462289d3bfd27/LabCodeRepoSetup/build.gradle,4cfd1a6c4932b6f21b8ce32c66d462289d3bfd27,Gradle,1,0
build.gradle,FlowerWrong/smart,app/build.gradle,/FlowerWrong/smart/blob/5de4d4e8c5ae0e97973a78019e77c17ba0ba67dc/app/build.gradle,5de4d4e8c5ae0e97973a78019e77c17ba0ba67dc,Gradle,1,0
pom.xml,ArchertNail/AE-BIOMETRICA,biopass.common.service/pom.xml,/ArchertNail/AE-BIOMETRICA/blob/b2b97d964ef693ad9f35aa68097c991925f23a11/biopass.common.service/pom.xml,b2b97d964ef693ad9f35aa68097c991925f23a11,Maven POM,1,0
pom.xml,dneht/stand,gateway-info/pom.xml,/dneht/stand/blob/f72d0519ec6285af79f006fbfe96d2fdefdb7e1b/gateway-info/pom.xml,f72d0519ec6285af79f006fbfe96d2fdefdb7e1b,Maven POM,0,0
build.gradle,lambdatamer/kandroid,KAndroid/build.gradle,/lambdatamer/kandroid/blob/e1787eed8f02e5c465c5cfa816faa3a628f1803f/KAndroid/build.gradle,e1787eed8f02e5c465c5cfa816faa3a628f1803f,Gradle,1,0
pom.xml,ToxinSnake/Tink-Praktikum,target/classes/META-INF/maven/tink-prak/tink-prak/pom.xml,/ToxinSnake/Tink-Praktikum/blob/f5f4cd52be8f103a055e4afa364ff132455ff07c/target/classes/META-INF/maven/tink-prak/tink-prak/pom.xml,f5f4cd52be8f103a055e4afa364ff132455ff07c,Maven POM,0,0
pom.xml,ToxinSnake/Tink-Praktikum,pom.xml,/ToxinSnake/Tink-Praktikum/blob/f5f4cd52be8f103a055e4afa364ff132455ff07c/pom.xml,f5f4cd52be8f103a055e4afa364ff132455ff07c,Maven POM,1,0
build.gradle,jeffrey-garcia/SecureStorageAndroid,app/build.gradle,/jeffrey-garcia/SecureStorageAndroid/blob/f1cb878a03cc164abb9d7599cfa534265f8a97ea/app/build.gradle,f1cb878a03cc164abb9d7599cfa534265f8a97ea,Gradle,1,0
pom.xml,Bytom/bytom-java-sdk,tx-signer/pom.xml,/Bytom/bytom-java-sdk/blob/44d74a6b16c62f1e56f968c49c18da187e5369d9/tx-signer/pom.xml,44d74a6b16c62f1e56f968c49c18da187e5369d9,Maven POM,0,0
build.gradle,katrielalex/capillary,demo/server/build.gradle,/katrielalex/capillary/blob/1f0d066937b0235c65fb88e3fa970f59337a1dd1/demo/server/build.gradle,1f0d066937b0235c65fb88e3fa970f59337a1dd1,Gradle,1,0
build.gradle,google/tink,examples/helloworld/android/app/build.gradle,/google/tink/blob/09fc71c45dc7c4ecc7fb0df3414b0fb3a9ca52c3/examples/helloworld/android/app/build.gradle,09fc71c45dc7c4ecc7fb0df3414b0fb3a9ca52c3,Gradle,1,0
pom.xml,IThawk/myFirstProjectSpringBoot,pom.xml,/IThawk/myFirstProjectSpringBoot/blob/89feffbdc0ac6bf2088c1c92806ccb86f9803331/pom.xml,89feffbdc0ac6bf2088c1c92806ccb86f9803331,Maven POM,1,0
build.gradle,baiyunlqy/ddd_springboot_demo,build.gradle,/baiyunlqy/ddd_springboot_demo/blob/f2c6cb99ed83aa86de0b298507473271682c0955/build.gradle,f2c6cb99ed83aa86de0b298507473271682c0955,Gradle,1,0
build.gradle,taitsmith/friendlier,app/build.gradle,/taitsmith/friendlier/blob/11a09b18731bdafddc4d52f49e1ad3a284f1cb5e/app/build.gradle,11a09b18731bdafddc4d52f49e1ad3a284f1cb5e,Gradle,1,0
build.gradle,philipgrafat/companeros,app/build.gradle,/philipgrafat/companeros/blob/16d774be4ab6f0ee0aa8dcf2b4a7937fa678dc09/app/build.gradle,16d774be4ab6f0ee0aa8dcf2b4a7937fa678dc09,Gradle,1,0
build.gradle,Fi5t/authenticate-me,app/build.gradle,/Fi5t/authenticate-me/blob/dcf44441af58545e01308933996ea6085faa36e5/app/build.gradle,dcf44441af58545e01308933996ea6085faa36e5,Gradle,1,0
build.gradle,google/capillary,demo/android/build.gradle,/google/capillary/blob/997986db7a4ace850d02fdfeb73f4c92807a11e2/demo/android/build.gradle,997986db7a4ace850d02fdfeb73f4c92807a11e2,Gradle,1,0
pom.xml,zyfaker/zy_home,demo/pom.xml,/zyfaker/zy_home/blob/372959f54d0876b570f73f94cfb9b1e8cd28d88f/demo/pom.xml,372959f54d0876b570f73f94cfb9b1e8cd28d88f,Maven POM,1,0
build.gradle,sara0871/http-sara0871-google-tink,examples/helloworld/android/app/build.gradle,/sara0871/http-sara0871-google-tink/blob/c62749112c4f70705e25e9403db62cd5ebd23a8b/examples/helloworld/android/app/build.gradle,c62749112c4f70705e25e9403db62cd5ebd23a8b,Gradle,1,0
pom.xml,dschadow/JavaSecurity,crypto-tink/pom.xml,/dschadow/JavaSecurity/blob/b4e5267f2bfcf750f82299244ce57f0ec1958633/crypto-tink/pom.xml,b4e5267f2bfcf750f82299244ce57f0ec1958633,Maven POM,0,0
pom.xml,Cook-R/tutorialsDemo,libraries-security/pom.xml,/Cook-R/tutorialsDemo/blob/1a084e25648932101e9441afccfb482f8eb843dd/libraries-security/pom.xml,1a084e25648932101e9441afccfb482f8eb843dd,Maven POM,0,0
pom.xml,rockya2014/baeldung_com,libraries-security/pom.xml,/rockya2014/baeldung_com/blob/2ec701d682f375002145347f0a26944577655f01/libraries-security/pom.xml,2ec701d682f375002145347f0a26944577655f01,Maven POM,0,0
build.gradle,CommonWealthRobotics/GithubPasswordManager,GithubPasswordManager/build.gradle,/CommonWealthRobotics/GithubPasswordManager/blob/db978ff29ff6b7db10fda68290177bccc325e948/GithubPasswordManager/build.gradle,db978ff29ff6b7db10fda68290177bccc325e948,Gradle,0,0
build.gradle,the-commons-project/AndroidResourceServer,resourceclient/build.gradle,/the-commons-project/AndroidResourceServer/blob/a29e666bf465a5acb2c1714b38f51b7d3d50aefa/resourceclient/build.gradle,a29e666bf465a5acb2c1714b38f51b7d3d50aefa,Gradle,1,0
pom.xml,abhijitmishra2632/EcommerceProj,EcommerceProj/pom.xml,/abhijitmishra2632/EcommerceProj/blob/19df0a3bd427fc2873c9797efd95d1759aa3d690/EcommerceProj/pom.xml,19df0a3bd427fc2873c9797efd95d1759aa3d690,Maven POM,0,0
build.gradle,the-commons-project/AndroidResourceServer,resourceserver/build.gradle,/the-commons-project/AndroidResourceServer/blob/7f3138adf9a9ae37fe1967621ecba6bf8e61e7d0/resourceserver/build.gradle,7f3138adf9a9ae37fe1967621ecba6bf8e61e7d0,Gradle,1,0
pom.xml,NVardell/Other,Tutorials/libraries-security/pom.xml,/NVardell/Other/blob/3437f483f8c898c33723ff3a66306ccb45844d3e/Tutorials/libraries-security/pom.xml,3437f483f8c898c33723ff3a66306ccb45844d3e,Maven POM,0,0
pom.xml,odpi/egeria,open-metadata-implementation/adapters/open-connectors/configuration-store-connectors/configuration-encrypted-file-store-connector/pom.xml,/odpi/egeria/blob/c4fff5cceda6c09960381c6510b60da069f9b843/open-metadata-implementation/adapters/open-connectors/configuration-store-connectors/configuration-encrypted-file-store-connector/pom.xml,c4fff5cceda6c09960381c6510b60da069f9b843,Maven POM,1,0
build.gradle,xirrip/sklaw-server,build.gradle,/xirrip/sklaw-server/blob/d30ff630f131565ba47128dcbb56a0a8ba1c1ca0/build.gradle,d30ff630f131565ba47128dcbb56a0a8ba1c1ca0,Gradle,1,0
pom.xml,thaidn/tink-examples,helloworld/java/pom.xml,/thaidn/tink-examples/blob/22113874d86c31312dba87fd42cccc41f32ad619/helloworld/java/pom.xml,22113874d86c31312dba87fd42cccc41f32ad619,Maven POM,0,0
pom.xml,AllanArrivillaga/tutorial,libraries-security/pom.xml,/AllanArrivillaga/tutorial/blob/f767e462f5f88d1f50edd181dfdf8b68a1ee801f/libraries-security/pom.xml,f767e462f5f88d1f50edd181dfdf8b68a1ee801f,Maven POM,0,0
pom.xml,rockya2014/Tutotrials,libraries-security/pom.xml,/rockya2014/Tutotrials/blob/7ce538e8cf495557d87df8fbfef090bda40e9694/libraries-security/pom.xml,7ce538e8cf495557d87df8fbfef090bda40e9694,Maven POM,0,0
pom.xml,zadorovskyi/test_kafka,service/pom.xml,/zadorovskyi/test_kafka/blob/27f991755779a6f34d5e87a05fb8e6d4944e38dc/service/pom.xml,27f991755779a6f34d5e87a05fb8e6d4944e38dc,Maven POM,1,0
build.gradle.kts,omaarr90/Hajj-Hackathon-2018-Backend,build.gradle.kts,/omaarr90/Hajj-Hackathon-2018-Backend/blob/70f8a7989fca1532624aea99798e1b9d86ef3073/build.gradle.kts,70f8a7989fca1532624aea99798e1b9d86ef3073,Kotlin,0,0
pom.xml,kalidask21/baeldungrepo,libraries-security/pom.xml,/kalidask21/baeldungrepo/blob/69f947e3cd1c1b830b6b69fe94f17f226c31c365/libraries-security/pom.xml,69f947e3cd1c1b830b6b69fe94f17f226c31c365,Maven POM,0,0
build.gradle,orient33/demoKotlin,app/build.gradle,/orient33/demoKotlin/blob/ec113068c9aa654a7aaebcaf8187237ae385b37a/app/build.gradle,ec113068c9aa654a7aaebcaf8187237ae385b37a,Gradle,1,0
pom.xml,youngzil/quickstart-framework,quickstart-crypto/pom.xml,/youngzil/quickstart-framework/blob/6d11c4d77937cc8cee126dfd6445027cd9ec5392/quickstart-crypto/pom.xml,6d11c4d77937cc8cee126dfd6445027cd9ec5392,Maven POM,0,0
pom.xml,woodsongem/seahorse,seahorse/internal/businessservices/KatavuccolOpenApi/pom.xml,/woodsongem/seahorse/blob/50e5d73b98a1c6bf221e9d6f33c8bef57156686b/seahorse/internal/businessservices/KatavuccolOpenApi/pom.xml,50e5d73b98a1c6bf221e9d6f33c8bef57156686b,Maven POM,1,0
pom.xml,woodsongem/seahorse,seahorse/internal/businessservices/ProfileService/pom.xml,/woodsongem/seahorse/blob/50e5d73b98a1c6bf221e9d6f33c8bef57156686b/seahorse/internal/businessservices/ProfileService/pom.xml,50e5d73b98a1c6bf221e9d6f33c8bef57156686b,Maven POM,1,0
pom.xml,woodsongem/seahorse,seahorse/internal/businessservices/Katavuccol/pom.xml,/woodsongem/seahorse/blob/50e5d73b98a1c6bf221e9d6f33c8bef57156686b/seahorse/internal/businessservices/Katavuccol/pom.xml,50e5d73b98a1c6bf221e9d6f33c8bef57156686b,Maven POM,1,0
pom.xml,insightiotest/go,examples/helloworld/java/pom.xml,/insightiotest/go/blob/5add0f822bca1a6bfab41b880b0ced812e7eeeaa/examples/helloworld/java/pom.xml,5add0f822bca1a6bfab41b880b0ced812e7eeeaa,Maven POM,0,0
pom.xml,rajshah91/tutorial-master,tutorials-master/libraries-security/pom.xml,/rajshah91/tutorial-master/blob/ed2ce704020087757cd327277cac7ffd8a2a99b6/tutorials-master/libraries-security/pom.xml,ed2ce704020087757cd327277cac7ffd8a2a99b6,Maven POM,0,0
build.gradle,katrielalex/capillary,demo/android/build.gradle,/katrielalex/capillary/blob/1f0d066937b0235c65fb88e3fa970f59337a1dd1/demo/android/build.gradle,1f0d066937b0235c65fb88e3fa970f59337a1dd1,Gradle,1,0
pom.xml,karakun/encrypted-filechannel,pom.xml,/karakun/encrypted-filechannel/blob/d74ef75d50b51696894c2af3ae4501e26dfc7ade/pom.xml,d74ef75d50b51696894c2af3ae4501e26dfc7ade,Maven POM,0,0
build.gradle,3ooowojtooo/geogames,app/build.gradle,/3ooowojtooo/geogames/blob/a7879003cb66012e225dcd3956c0e5ba8f2c9228/app/build.gradle,a7879003cb66012e225dcd3956c0e5ba8f2c9228,Gradle,1,0
pom.xml,lu5je0/LSocks2,pom.xml,/lu5je0/LSocks2/blob/aa236d06962de9782f1dd2c67f257aa1e16c44b2/pom.xml,aa236d06962de9782f1dd2c67f257aa1e16c44b2,Maven POM,0,0
apps-webpush.pom.xml,thomasbrunetti3/B2,maven/apps-webpush.pom.xml,/thomasbrunetti3/B2/blob/41cf62abd48ec15df53db725be65f1dc6db04b58/maven/apps-webpush.pom.xml,41cf62abd48ec15df53db725be65f1dc6db04b58,XML,1,0
pom.xml,TeDuJieGe/java-spring,libraries-security/pom.xml,/TeDuJieGe/java-spring/blob/f79f3d2fd2530b7dab8f6075169555c9771ff554/libraries-security/pom.xml,f79f3d2fd2530b7dab8f6075169555c9771ff554,Maven POM,0,0
pom.xml,brgilsonsp/workspace-java,bealdung/tutorials/libraries-security/pom.xml,/brgilsonsp/workspace-java/blob/4c371605498aa330bc96e7c4830b86e9bad8c513/bealdung/tutorials/libraries-security/pom.xml,4c371605498aa330bc96e7c4830b86e9bad8c513,Maven POM,0,0
pom.xml,sc4599/adMobSSVJava,pom.xml,/sc4599/adMobSSVJava/blob/38a7d3580b0a7ce1aa19a3c774e5273c13ef6fca/pom.xml,38a7d3580b0a7ce1aa19a3c774e5273c13ef6fca,Maven POM,0,0
pom.xml,Dukou007/tutorials,libraries-security/pom.xml,/Dukou007/tutorials/blob/6e4e7291569b64e939c1b0165704e6e76a466155/libraries-security/pom.xml,6e4e7291569b64e939c1b0165704e6e76a466155,Maven POM,0,0
pom.xml,krithivasanchandran/BlockChainCertServer,BlockChainCertServer/target/classes/META-INF/maven/BlockChainCertServer/BlockChainCertServer/pom.xml,/krithivasanchandran/BlockChainCertServer/blob/218dea27c0a8c470f2962ac1e7eeedfefbd536a7/BlockChainCertServer/target/classes/META-INF/maven/BlockChainCertServer/BlockChainCertServer/pom.xml,218dea27c0a8c470f2962ac1e7eeedfefbd536a7,Maven POM,0,0
pom.xml,krithivasanchandran/BlockChainCertServer,BlockChainCertServer/pom.xml,/krithivasanchandran/BlockChainCertServer/blob/218dea27c0a8c470f2962ac1e7eeedfefbd536a7/BlockChainCertServer/pom.xml,218dea27c0a8c470f2962ac1e7eeedfefbd536a7,Maven POM,1,0
build.gradle,OlgaDery/databinding,app/build.gradle,/OlgaDery/databinding/blob/8def4625369044671a6eaadc7863fb6cc7e779ab/app/build.gradle,8def4625369044671a6eaadc7863fb6cc7e779ab,Gradle,1,0
build.gradle,the-commons-project/AndroidResourceServer,resourceserversampleapp/build.gradle,/the-commons-project/AndroidResourceServer/blob/283a293b9258d01212fa573cff02174f3c24da45/resourceserversampleapp/build.gradle,283a293b9258d01212fa573cff02174f3c24da45,Gradle,1,0
pom.xml,igornekomata/Tutorials-Java,MyLibrary/libraries-security/pom.xml,/igornekomata/Tutorials-Java/blob/f19697fb07f0ab640f27282a98627704fcbf4bf2/MyLibrary/libraries-security/pom.xml,f19697fb07f0ab640f27282a98627704fcbf4bf2,Maven POM,1,0
pom.xml,chandrababubandi/tutorials,libraries-security/pom.xml,/chandrababubandi/tutorials/blob/f79f3d2fd2530b7dab8f6075169555c9771ff554/libraries-security/pom.xml,f79f3d2fd2530b7dab8f6075169555c9771ff554,Maven POM,0,0
build.gradle,the-commons-project/AndroidResourceServer,resourceclientsampleapp/build.gradle,/the-commons-project/AndroidResourceServer/blob/7f3138adf9a9ae37fe1967621ecba6bf8e61e7d0/resourceclientsampleapp/build.gradle,7f3138adf9a9ae37fe1967621ecba6bf8e61e7d0,Gradle,1,0
pom.xml,shaig4/GpayDecryptor,complete/pom.xml,/shaig4/GpayDecryptor/blob/c703e65dc090bb929ff75840e44b99b67449891a/complete/pom.xml,c703e65dc090bb929ff75840e44b99b67449891a,Maven POM,0,0
build.gradle,Enecuum/AndroidApp,app/build.gradle,/Enecuum/AndroidApp/blob/302389be00f9f054708c4cb6f0bcceb547336da3/app/build.gradle,302389be00f9f054708c4cb6f0bcceb547336da3,Gradle,1,0
build.gradle,batuan/capillary-tidy,demo/android/build.gradle,/batuan/capillary-tidy/blob/26057335887b2248fd3df991130709bbdf62c039/demo/android/build.gradle,26057335887b2248fd3df991130709bbdf62c039,Gradle,1,0
pom.xml,wlj5240/tutorials,libraries-security/pom.xml,/wlj5240/tutorials/blob/58595acd6f3868c3e9ef2e05c9a0deaed05408e3/libraries-security/pom.xml,58595acd6f3868c3e9ef2e05c9a0deaed05408e3,Maven POM,0,0
build.gradle,joaovsq/zeon,build.gradle,/joaovsq/zeon/blob/86a157ea3ce312d9385c3a91510199e64f77a428/build.gradle,86a157ea3ce312d9385c3a91510199e64f77a428,Gradle,1,0
pom.xml,OpenConext/OpenConext-crypto,pom.xml,/OpenConext/OpenConext-crypto/blob/3ea826a5391db3a9ff54cc100373ad13c77b8a4f/pom.xml,3ea826a5391db3a9ff54cc100373ad13c77b8a4f,Maven POM,1,0
build.gradle.kts,ostelco/ostelco-core,scaninfo-datastore/build.gradle.kts,/ostelco/ostelco-core/blob/e05cdfc8f807741a5118d2e70ac488448e4791db/scaninfo-datastore/build.gradle.kts,e05cdfc8f807741a5118d2e70ac488448e4791db,Kotlin,1,0
apps-webpush.pom.xml,google/tink,maven/apps-webpush.pom.xml,/google/tink/blob/09fc71c45dc7c4ecc7fb0df3414b0fb3a9ca52c3/maven/apps-webpush.pom.xml,09fc71c45dc7c4ecc7fb0df3414b0fb3a9ca52c3,XML,1,0
build.gradle,kryptco/krypton-android,app/build.gradle,/kryptco/krypton-android/blob/37e97026e48e0123ab580793a2c19674e96ecc4e/app/build.gradle,37e97026e48e0123ab580793a2c19674e96ecc4e,Gradle,1,0
pom.xml,wang-shishuang/Java-Tutorials,libraries-security/pom.xml,/wang-shishuang/Java-Tutorials/blob/0e446c9df008fbfe1365ed19a0ee778bbfd80bf0/libraries-security/pom.xml,0e446c9df008fbfe1365ed19a0ee778bbfd80bf0,Maven POM,0,0
build.gradle,RPCheung/shadowsockets-core,build.gradle,/RPCheung/shadowsockets-core/blob/70cb57764f369c0bf8c3f0d31be1d18b1ab461b1/build.gradle,70cb57764f369c0bf8c3f0d31be1d18b1ab461b1,Gradle,1,0
pom.xml,servicechoreography/springtutorials,libraries-security/pom.xml,/servicechoreography/springtutorials/blob/5cffe222286eb5b3547cd8d8242c3d7997e61edc/libraries-security/pom.xml,5cffe222286eb5b3547cd8d8242c3d7997e61edc,Maven POM,0,0
pom.xml,wso2/orbit,nimbus/7.3.0.wso2v1/pom.xml,/wso2/orbit/blob/fb2990bf714844eb81d591a943c15694a6dd0370/nimbus/7.3.0.wso2v1/pom.xml,fb2990bf714844eb81d591a943c15694a6dd0370,Maven POM,0,0
pom.xml,ramboddeda/newrepo,libraries-security/pom.xml,/ramboddeda/newrepo/blob/c5caa5cd13526a7c0298709f3453ab35b5524c7a/libraries-security/pom.xml,c5caa5cd13526a7c0298709f3453ab35b5524c7a,Maven POM,0,0
apps-paymentmethodtoken.pom.xml,thomasbrunetti3/B2,maven/apps-paymentmethodtoken.pom.xml,/thomasbrunetti3/B2/blob/41cf62abd48ec15df53db725be65f1dc6db04b58/maven/apps-paymentmethodtoken.pom.xml,41cf62abd48ec15df53db725be65f1dc6db04b58,XML,1,0
apps-rewardedads.pom.xml,thomasbrunetti3/B2,maven/apps-rewardedads.pom.xml,/thomasbrunetti3/B2/blob/41cf62abd48ec15df53db725be65f1dc6db04b58/maven/apps-rewardedads.pom.xml,41cf62abd48ec15df53db725be65f1dc6db04b58,XML,1,0
build.gradle,OlgaDery/resume_builder,app/build.gradle,/OlgaDery/resume_builder/blob/7aaeb60992f5753f5b785ad8c2d099502186bdf3/app/build.gradle,7aaeb60992f5753f5b785ad8c2d099502186bdf3,Gradle,1,0
build.gradle,open-xchange/ox-coi,android/app/build.gradle,/open-xchange/ox-coi/blob/a943c820c8d6f447129312c2b11862ed9b5829e8/android/app/build.gradle,a943c820c8d6f447129312c2b11862ed9b5829e8,Gradle,1,0
pom.xml,eugenp/tutorials,libraries-security/pom.xml,/eugenp/tutorials/blob/55e2c6a58b7271b3de6f31137218bf3bdf18eeab/libraries-security/pom.xml,55e2c6a58b7271b3de6f31137218bf3bdf18eeab,Maven POM,0,0
apps-webpush.pom.xml,sara0871/http-sara0871-google-tink,maven/apps-webpush.pom.xml,/sara0871/http-sara0871-google-tink/blob/c62749112c4f70705e25e9403db62cd5ebd23a8b/maven/apps-webpush.pom.xml,c62749112c4f70705e25e9403db62cd5ebd23a8b,XML,1,0
pom.xml,susantamoh84/tutorials,libraries-security/pom.xml,/susantamoh84/tutorials/blob/e208e0db03f371e7ec75065b2ab51e9c9b9eab0b/libraries-security/pom.xml,e208e0db03f371e7ec75065b2ab51e9c9b9eab0b,Maven POM,0,0
build.gradle.kts,arnabmitra/trustlines-demo,alices-server/build.gradle.kts,/arnabmitra/trustlines-demo/blob/f65a7743f31d7860c0d7831ec4c2451fd0ffef6f/alices-server/build.gradle.kts,f65a7743f31d7860c0d7831ec4c2451fd0ffef6f,Kotlin,0,0
build.gradle.kts,teyckmans/kuberig,kuberig-core/build.gradle.kts,/teyckmans/kuberig/blob/dcde5bbf2808d0bb3ee6d793a8d8e332194ba5da/kuberig-core/build.gradle.kts,dcde5bbf2808d0bb3ee6d793a8d8e332194ba5da,Kotlin,1,0
build.gradle.kts,arnabmitra/trustlines-demo,bobs-server/build.gradle.kts,/arnabmitra/trustlines-demo/blob/f65a7743f31d7860c0d7831ec4c2451fd0ffef6f/bobs-server/build.gradle.kts,f65a7743f31d7860c0d7831ec4c2451fd0ffef6f,Kotlin,0,0
pom.xml,yunhoyong/spring-resttemplate,libraries-security/pom.xml,/yunhoyong/spring-resttemplate/blob/94522094c194008c8a2039caf479c663c91508b5/libraries-security/pom.xml,94522094c194008c8a2039caf479c663c91508b5,Maven POM,0,0
build.gradle.kts,arnabmitra/trustlines-demo,orchestrator/build.gradle.kts,/arnabmitra/trustlines-demo/blob/f65a7743f31d7860c0d7831ec4c2451fd0ffef6f/orchestrator/build.gradle.kts,f65a7743f31d7860c0d7831ec4c2451fd0ffef6f,Kotlin,0,0
build.gradle.kts,arnabmitra/trustlines-demo,client/build.gradle.kts,/arnabmitra/trustlines-demo/blob/f65a7743f31d7860c0d7831ec4c2451fd0ffef6f/client/build.gradle.kts,f65a7743f31d7860c0d7831ec4c2451fd0ffef6f,Kotlin,1,0
build.gradle.kts,arnabmitra/trustlines-demo,common-services/build.gradle.kts,/arnabmitra/trustlines-demo/blob/f65a7743f31d7860c0d7831ec4c2451fd0ffef6f/common-services/build.gradle.kts,f65a7743f31d7860c0d7831ec4c2451fd0ffef6f,Kotlin,1,0
pom.xml,switchYello/proxyService,pom.xml,/switchYello/proxyService/blob/d0c3e7d7ac4e9fea8739b14ecc414b9cd9d5a380/pom.xml,d0c3e7d7ac4e9fea8739b14ecc414b9cd9d5a380,Maven POM,0,0
apps-paymentmethodtoken.pom.xml,smtcrms/tink,maven/apps-paymentmethodtoken.pom.xml,/smtcrms/tink/blob/fb59790cf99b6267ab9959d5cab9c73044ac72d7/maven/apps-paymentmethodtoken.pom.xml,fb59790cf99b6267ab9959d5cab9c73044ac72d7,XML,1,0
apps-rewardedads.pom.xml,smtcrms/tink,maven/apps-rewardedads.pom.xml,/smtcrms/tink/blob/fb59790cf99b6267ab9959d5cab9c73044ac72d7/maven/apps-rewardedads.pom.xml,fb59790cf99b6267ab9959d5cab9c73044ac72d7,XML,1,0
pom.xml,roc230/shadowsocks-netty,pom.xml,/roc230/shadowsocks-netty/blob/001cd8945cf9bc9639eaaa31b09b50c0440a1ab4/pom.xml,001cd8945cf9bc9639eaaa31b09b50c0440a1ab4,Maven POM,0,0
pom.xml,jeffrey-garcia/demo-spring-crypto,pom.xml,/jeffrey-garcia/demo-spring-crypto/blob/7a9aee9ea343d4ed39d0489a7b8d8d280db93128/pom.xml,7a9aee9ea343d4ed39d0489a7b8d8d280db93128,Maven POM,0,0
pom.xml,thomasbrunetti3/B2,examples/helloworld/java/pom.xml,/thomasbrunetti3/B2/blob/41cf62abd48ec15df53db725be65f1dc6db04b58/examples/helloworld/java/pom.xml,41cf62abd48ec15df53db725be65f1dc6db04b58,Maven POM,0,0
pom.xml,lorelib/learn-programing,tink-tutorial/pom.xml,/lorelib/learn-programing/blob/9c34f8352b99331444f5b506dabf2b09bb1c923c/tink-tutorial/pom.xml,9c34f8352b99331444f5b506dabf2b09bb1c923c,Maven POM,1,0
build.gradle,SmartCash/android,app/build.gradle,/SmartCash/android/blob/79703dd1abf947763d8848b35287e67462685460/app/build.gradle,79703dd1abf947763d8848b35287e67462685460,Gradle,1,0
pom.xml,GoogleCloudPlatform/gcp-token-broker,pom.xml,/GoogleCloudPlatform/gcp-token-broker/blob/5a8bb6d892975384b14aa0c43d234b652b7765da/pom.xml,5a8bb6d892975384b14aa0c43d234b652b7765da,Maven POM,0,0
pom.xml,zh79325/pureJava-youtubeExtractor,shadowsocks/pom.xml,/zh79325/pureJava-youtubeExtractor/blob/ffb3beb59540bd9240fe1a84c59d0f929335a6d9/shadowsocks/pom.xml,ffb3beb59540bd9240fe1a84c59d0f929335a6d9,Maven POM,0,0
pom.xml,msanti04/ddf-yorktown-test,platform/security/encryption/platform-security-encryption-crypter/pom.xml,/msanti04/ddf-yorktown-test/blob/e6c312b144b19a7e66551060596687608e42d86a/platform/security/encryption/platform-security-encryption-crypter/pom.xml,e6c312b144b19a7e66551060596687608e42d86a,Maven POM,0,0
pom.xml,successli/tx-signer,pom.xml,/successli/tx-signer/blob/46afc4b11c791e52d59171b1d47bdbc90cb3fa85/pom.xml,46afc4b11c791e52d59171b1d47bdbc90cb3fa85,Maven POM,0,0
pom.xml,kashifakram/besocialos,pom.xml,/kashifakram/besocialos/blob/fd60528d8213dae59cafe98c3d1bdc790eae160c/pom.xml,fd60528d8213dae59cafe98c3d1bdc790eae160c,Maven POM,0,0
pom.xml,lmx1989219/common-util,pom.xml,/lmx1989219/common-util/blob/5895b6b603e3c33529086f6abe82df5f15dbeb7a/pom.xml,5895b6b603e3c33529086f6abe82df5f15dbeb7a,Maven POM,1,0
pom.xml,fontys-s66/Backend-Registration,pom.xml,/fontys-s66/Backend-Registration/blob/c33ea2b09f67e6cf51ba99bf64961dade4b155b9/pom.xml,c33ea2b09f67e6cf51ba99bf64961dade4b155b9,Maven POM,1,0
build.gradle,iammini5/jetpack,support/security/crypto/build.gradle,/iammini5/jetpack/blob/5737d512d717883d5c074c0bc6c21671e3950172/support/security/crypto/build.gradle,5737d512d717883d5c074c0bc6c21671e3950172,Gradle,1,0
pom.xml,codice/ddf,distribution/ddf-common/pom.xml,/codice/ddf/blob/5b5418c6ead0d3209c61449789a83d66723a6a72/distribution/ddf-common/pom.xml,5b5418c6ead0d3209c61449789a83d66723a6a72,Maven POM,0,0
tink-awskms.pom.xml,smtcrms/tink,maven/tink-awskms.pom.xml,/smtcrms/tink/blob/fb59790cf99b6267ab9959d5cab9c73044ac72d7/maven/tink-awskms.pom.xml,fb59790cf99b6267ab9959d5cab9c73044ac72d7,XML,1,0
build.gradle,phash/Semux-Android-Wallet,app/build.gradle,/phash/Semux-Android-Wallet/blob/691a5ac0a5bab7ef0f997a811fa01bfb1df16a91/app/build.gradle,691a5ac0a5bab7ef0f997a811fa01bfb1df16a91,Gradle,1,0
tink-android.pom.xml,thomasbrunetti3/B2,maven/tink-android.pom.xml,/thomasbrunetti3/B2/blob/41cf62abd48ec15df53db725be65f1dc6db04b58/maven/tink-android.pom.xml,41cf62abd48ec15df53db725be65f1dc6db04b58,XML,1,0
tink-awskms.pom.xml,google/tink,maven/tink-awskms.pom.xml,/google/tink/blob/5b83639e97c4dbd97093060dd9ca47857306fd8d/maven/tink-awskms.pom.xml,5b83639e97c4dbd97093060dd9ca47857306fd8d,XML,1,0
pom.xml,fcjreed/POEModManager,pom.xml,/fcjreed/POEModManager/blob/77040d9a16b89c8aba753b0e20d59e675e811acf/pom.xml,77040d9a16b89c8aba753b0e20d59e675e811acf,Maven POM,0,0
pom.xml,anishnath/crypto-ws,pom.xml,/anishnath/crypto-ws/blob/f5d92a13e8524d3bfbd802fb413e548de30d1184/pom.xml,f5d92a13e8524d3bfbd802fb413e548de30d1184,Maven POM,1,0
build.gradle,OlgaDery/landmarks_for_android,app/build.gradle,/OlgaDery/landmarks_for_android/blob/9a55011ca98b130333b11263e4e54731065ca0df/app/build.gradle,9a55011ca98b130333b11263e4e54731065ca0df,Gradle,1,0
pom.xml,javafrontier/pocprojects,tink.demo/pom.xml,/javafrontier/pocprojects/blob/aabd238e8fe10f171b7531c60c4953615646ddd9/tink.demo/pom.xml,aabd238e8fe10f171b7531c60c4953615646ddd9,Maven POM,0,0
pom.xml,sirixdb/sirix,bundles/sirix-core/pom.xml,/sirixdb/sirix/blob/ede862baac9ceb4ef6ba4db61b98ccb6380a3f01/bundles/sirix-core/pom.xml,ede862baac9ceb4ef6ba4db61b98ccb6380a3f01,Maven POM,0,0
build.gradle.kts,teyckmans/kuberig,kuberig-gradle-plugin/build.gradle.kts,/teyckmans/kuberig/blob/74ca40143893974269c768fa9ae044d1648b38fd/kuberig-gradle-plugin/build.gradle.kts,74ca40143893974269c768fa9ae044d1648b38fd,Kotlin,1,0
pom.xml,NewMoonFutureSolutions/tbuk-ob-rpc,pom.xml,/NewMoonFutureSolutions/tbuk-ob-rpc/blob/ff633b1621deed93c5476f9bc7be7e1fe943c2c4/pom.xml,ff633b1621deed93c5476f9bc7be7e1fe943c2c4,Maven POM,0,0
pom.xml,kernelLyl/proxy-java,pom.xml,/kernelLyl/proxy-java/blob/493f4c8f3ff7ebbc797bc8ec6d8d1cf0ea01a6f9/pom.xml,493f4c8f3ff7ebbc797bc8ec6d8d1cf0ea01a6f9,Maven POM,0,0
build.gradle,StarteosIO/jeos,build.gradle,/StarteosIO/jeos/blob/ab609e40a4ef16bb93cbb2bf70240aed4280849b/build.gradle,ab609e40a4ef16bb93cbb2bf70240aed4280849b,Gradle,1,0
build.gradle.kts,lambdatamer/aimybirds-junction2019,KAndroid/build.gradle.kts,/lambdatamer/aimybirds-junction2019/blob/fbd5b729bb6472ddfc710284a5bd7ebd8d6aae6f/KAndroid/build.gradle.kts,fbd5b729bb6472ddfc710284a5bd7ebd8d6aae6f,Kotlin,1,0
pom.xml,codice/ddf,platform/security/encryption/platform-security-encryption-crypter/pom.xml,/codice/ddf/blob/5b5418c6ead0d3209c61449789a83d66723a6a72/platform/security/encryption/platform-security-encryption-crypter/pom.xml,5b5418c6ead0d3209c61449789a83d66723a6a72,Maven POM,1,0
tink-gcpkms.pom.xml,smtcrms/tink,maven/tink-gcpkms.pom.xml,/smtcrms/tink/blob/fb59790cf99b6267ab9959d5cab9c73044ac72d7/maven/tink-gcpkms.pom.xml,fb59790cf99b6267ab9959d5cab9c73044ac72d7,XML,1,0
build.gradle,andrealfarysie/SiMotorAlpha,app/build.gradle,/andrealfarysie/SiMotorAlpha/blob/8648d65c966ff43e1aa228207f270c566309b246/app/build.gradle,8648d65c966ff43e1aa228207f270c566309b246,Gradle,1,0
pom.xml,righettod/poc-jwt,pom.xml,/righettod/poc-jwt/blob/95833933680956934f713ea70f5ab3480fb5e2e9/pom.xml,95833933680956934f713ea70f5ab3480fb5e2e9,Maven POM,1,0
build.gradle,digitalnetworkasia/SiMotor,app/build.gradle,/digitalnetworkasia/SiMotor/blob/94c2451e6b0da5410b02512bf60fd1bdb00bab62/app/build.gradle,94c2451e6b0da5410b02512bf60fd1bdb00bab62,Gradle,1,0
tink-gcpkms.pom.xml,google/tink,maven/tink-gcpkms.pom.xml,/google/tink/blob/5b83639e97c4dbd97093060dd9ca47857306fd8d/maven/tink-gcpkms.pom.xml,5b83639e97c4dbd97093060dd9ca47857306fd8d,XML,1,0
build.gradle,digitalnetworkasia/Simotor-Android,app/build.gradle,/digitalnetworkasia/Simotor-Android/blob/a43362212ef2a18c04139913b16c1bfc0f820fdf/app/build.gradle,a43362212ef2a18c04139913b16c1bfc0f820fdf,Gradle,1,0
build.gradle,digitalnetworkasia/SiMotorDealer-Android,app/build.gradle,/digitalnetworkasia/SiMotorDealer-Android/blob/89f3a6848daab0a09650efec7e8dd99895327eb8/app/build.gradle,89f3a6848daab0a09650efec7e8dd99895327eb8,Gradle,1,0
pom.xml,msanti04/ddf-yorktown-test,distribution/ddf-common/pom.xml,/msanti04/ddf-yorktown-test/blob/e6c312b144b19a7e66551060596687608e42d86a/distribution/ddf-common/pom.xml,e6c312b144b19a7e66551060596687608e42d86a,Maven POM,1,0
pom.xml,NewMoonFutureSolutions/tbuk-ob-api-token,pom.xml,/NewMoonFutureSolutions/tbuk-ob-api-token/blob/32faf2e04bf75761b5487336d0e05ba5cbd3828c/pom.xml,32faf2e04bf75761b5487336d0e05ba5cbd3828c,Maven POM,0,0
build.gradle,elastic/elasticsearch,x-pack/plugin/security/build.gradle,/elastic/elasticsearch/blob/df760fe2f9f1d888830170df2e7f610d46a4e20f/x-pack/plugin/security/build.gradle,df760fe2f9f1d888830170df2e7f610d46a4e20f,Gradle,1,0
pom.xml,meteorice/devilfish,pom.xml,/meteorice/devilfish/blob/ab0a0d58d0683e8465034fb823d76e88bd446ea6/pom.xml,ab0a0d58d0683e8465034fb823d76e88bd446ea6,Maven POM,0,0
pom.xml,no126leon/TinkDemo,pom.xml,/no126leon/TinkDemo/blob/6001be06944486f9a134f27ae152a962c87803e4/pom.xml,6001be06944486f9a134f27ae152a962c87803e4,Maven POM,0,0
pom.xml,apache/james-project,server/blob/blob-objectstorage/pom.xml,/apache/james-project/blob/37cfbf3fe9c1ab0f29ff317faf3c4b8a0f7f049e/server/blob/blob-objectstorage/pom.xml,37cfbf3fe9c1ab0f29ff317faf3c4b8a0f7f049e,Maven POM,1,0
pom.xml,rahul4talk/Auth,pom.xml,/rahul4talk/Auth/blob/7aeeeb65d8862a8d8b43c34413660a2aa351813e/pom.xml,7aeeeb65d8862a8d8b43c34413660a2aa351813e,Maven POM,1,0
pom.xml,xgyb12458/dm-platform,dm-media/dm-media-domain/pom.xml,/xgyb12458/dm-platform/blob/0d28a5b1d3293387d82d15a4211a31372eb7910b/dm-media/dm-media-domain/pom.xml,0d28a5b1d3293387d82d15a4211a31372eb7910b,Maven POM,1,0
build.gradle,xiaohai-pig/elasticsearch,x-pack/plugin/security/build.gradle,/xiaohai-pig/elasticsearch/blob/d3062ec1d73beb1f01d8f743ca5f7c1ce6df951e/x-pack/plugin/security/build.gradle,d3062ec1d73beb1f01d8f743ca5f7c1ce6df951e,Gradle,1,0
tink-android.pom.xml,smtcrms/tink,maven/tink-android.pom.xml,/smtcrms/tink/blob/fb59790cf99b6267ab9959d5cab9c73044ac72d7/maven/tink-android.pom.xml,fb59790cf99b6267ab9959d5cab9c73044ac72d7,XML,1,0
pom.xml,magenta-aps/datafordeler-plugin-cpr,pom.xml,/magenta-aps/datafordeler-plugin-cpr/blob/7e1109d90e78ba5253f2170ac879d5f04a1fec96/pom.xml,7e1109d90e78ba5253f2170ac879d5f04a1fec96,Maven POM,1,0
pom.xml,pluto8172/JBlockChain,pom.xml,/pluto8172/JBlockChain/blob/7ded6452fde22d21b9a8afac3ac0dbc77d0e35a8/pom.xml,7ded6452fde22d21b9a8afac3ac0dbc77d0e35a8,Maven POM,0,0
tink.pom.xml,smtcrms/tink,maven/tink.pom.xml,/smtcrms/tink/blob/fb59790cf99b6267ab9959d5cab9c73044ac72d7/maven/tink.pom.xml,fb59790cf99b6267ab9959d5cab9c73044ac72d7,XML,1,0
build.gradle,unsurv/unsurv-android,build.gradle,/unsurv/unsurv-android/blob/eb7b06a876fbb574494b70de2266e4aba923c947/build.gradle,eb7b06a876fbb574494b70de2266e4aba923c947,Gradle,1,0
pom.xml,luke-zhu/encrypted-spark,pom.xml,/luke-zhu/encrypted-spark/blob/8d645324d2422e44359d9e11c0766db5040d1b97/pom.xml,8d645324d2422e44359d9e11c0766db5040d1b97,Maven POM,0,0
tink.pom.xml,google/tink,maven/tink.pom.xml,/google/tink/blob/9d9dbab453eefab2ba426190c248f96578458a2d/maven/tink.pom.xml,9d9dbab453eefab2ba426190c248f96578458a2d,XML,1,0
tink-android.pom.xml,google/tink,maven/tink-android.pom.xml,/google/tink/blob/9d9dbab453eefab2ba426190c248f96578458a2d/maven/tink-android.pom.xml,9d9dbab453eefab2ba426190c248f96578458a2d,XML,1,0
tink-android.pom.xml,sara0871/http-sara0871-google-tink,maven/tink-android.pom.xml,/sara0871/http-sara0871-google-tink/blob/c62749112c4f70705e25e9403db62cd5ebd23a8b/maven/tink-android.pom.xml,c62749112c4f70705e25e9403db62cd5ebd23a8b,XML,1,0
pom.xml,NewMoonFutureSolutions/tbuk-psd2-rpc-client,pom.xml,/NewMoonFutureSolutions/tbuk-psd2-rpc-client/blob/76eb425c8f130b7fc574761e54bf32a0f502fa02/pom.xml,76eb425c8f130b7fc574761e54bf32a0f502fa02,Maven POM,0,0
pom.xml,msanti04/ddf-yorktown-test,platform/osgi/platform-osgi-configadmin/pom.xml,/msanti04/ddf-yorktown-test/blob/e6c312b144b19a7e66551060596687608e42d86a/platform/osgi/platform-osgi-configadmin/pom.xml,e6c312b144b19a7e66551060596687608e42d86a,Maven POM,1,0
build.gradle,KyberSwap/android-app,app/build.gradle,/KyberSwap/android-app/blob/56336d37b942f8eed9caf984afd9650499ca74c1/app/build.gradle,56336d37b942f8eed9caf984afd9650499ca74c1,Gradle,1,0
pom.xml,mercurpay/vault,pom.xml,/mercurpay/vault/blob/917cc2f23c4ec7e8d648a120b2b187a89b461cff/pom.xml,917cc2f23c4ec7e8d648a120b2b187a89b461cff,Maven POM,0,0
pom.xml,msanti04/ddf-yorktown-test,platform/security/security-oidc-bundle/pom.xml,/msanti04/ddf-yorktown-test/blob/e6c312b144b19a7e66551060596687608e42d86a/platform/security/security-oidc-bundle/pom.xml,e6c312b144b19a7e66551060596687608e42d86a,Maven POM,0,0
pom.xml,dschadow/JavaSecurity,pom.xml,/dschadow/JavaSecurity/blob/81c42b7266caae1df9794f51c470c601cad9f80e/pom.xml,81c42b7266caae1df9794f51c470c601cad9f80e,Maven POM,0,0
pom.xml,msanti04/ddf-yorktown-test,distribution/kernel/pom.xml,/msanti04/ddf-yorktown-test/blob/e6c312b144b19a7e66551060596687608e42d86a/distribution/kernel/pom.xml,e6c312b144b19a7e66551060596687608e42d86a,Maven POM,1,0
pom.xml,OpenConext/OpenConext-oidcng,pom.xml,/OpenConext/OpenConext-oidcng/blob/2818a759ad74b7fa464e8b05c57590d2f7b2f99e/pom.xml,2818a759ad74b7fa464e8b05c57590d2f7b2f99e,Maven POM,0,0
pom.xml,codice/ddf,platform/osgi/platform-osgi-configadmin/pom.xml,/codice/ddf/blob/5b5418c6ead0d3209c61449789a83d66723a6a72/platform/osgi/platform-osgi-configadmin/pom.xml,5b5418c6ead0d3209c61449789a83d66723a6a72,Maven POM,1,0
pom.xml,spectral369/MyBloodBank,pom.xml,/spectral369/MyBloodBank/blob/f1c218e24b05d9952e4bea97857cc9565e610aa5/pom.xml,f1c218e24b05d9952e4bea97857cc9565e610aa5,Maven POM,0,0
pom.xml,codice/ddf,platform/security/security-oidc-bundle/pom.xml,/codice/ddf/blob/5b5418c6ead0d3209c61449789a83d66723a6a72/platform/security/security-oidc-bundle/pom.xml,5b5418c6ead0d3209c61449789a83d66723a6a72,Maven POM,1,0
pom.xml,gravitee-io/graviteeio-access-management,gravitee-am-gateway/gravitee-am-gateway-handler/gravitee-am-gateway-handler-common/pom.xml,/gravitee-io/graviteeio-access-management/blob/0f9ca266aa63e1769c2d5269187b626f94668a10/gravitee-am-gateway/gravitee-am-gateway-handler/gravitee-am-gateway-handler-common/pom.xml,0f9ca266aa63e1769c2d5269187b626f94668a10,Maven POM,1,0
pom.xml,zadorovskyi/test_kafka,pom.xml,/zadorovskyi/test_kafka/blob/27f991755779a6f34d5e87a05fb8e6d4944e38dc/pom.xml,27f991755779a6f34d5e87a05fb8e6d4944e38dc,Maven POM,1,0
pom.xml,insightiotest/go,maven/android/pom.xml,/insightiotest/go/blob/5add0f822bca1a6bfab41b880b0ced812e7eeeaa/maven/android/pom.xml,5add0f822bca1a6bfab41b880b0ced812e7eeeaa,Maven POM,0,0
pom.xml,mstepan/iron-clud-java,pom.xml,/mstepan/iron-clud-java/blob/de8db28b79f9ddaae361a86b53c873582d825f90/pom.xml,de8db28b79f9ddaae361a86b53c873582d825f90,Maven POM,1,0
pom.xml,antonionehme/audit-repository-simulations,AuditProject/AuditProject/client/pom.xml,/antonionehme/audit-repository-simulations/blob/86889bd231c9a324534ebf4d0d5c61979a068131/AuditProject/AuditProject/client/pom.xml,86889bd231c9a324534ebf4d0d5c61979a068131,Maven POM,1,0
pom.xml,Eternalash/R.S.o.T.Everything,pom.xml,/Eternalash/R.S.o.T.Everything/blob/4b73cd16d0645cc48a874832c6dd0c6702ecebbf/pom.xml,4b73cd16d0645cc48a874832c6dd0c6702ecebbf,Maven POM,1,0
pom.xml,bluesword12350/sword-laboratory,sword-laboratory/pom.xml,/bluesword12350/sword-laboratory/blob/f3c7b898c7ac5332ef86a9e4c12a711ca6de22df/sword-laboratory/pom.xml,f3c7b898c7ac5332ef86a9e4c12a711ca6de22df,Maven POM,1,0
pom.xml,insightiotest/go,maven/tink/pom.xml,/insightiotest/go/blob/5add0f822bca1a6bfab41b880b0ced812e7eeeaa/maven/tink/pom.xml,5add0f822bca1a6bfab41b880b0ced812e7eeeaa,Maven POM,0,0
pom.xml,wongminbin/exercise-demos,normals/pom.xml,/wongminbin/exercise-demos/blob/4f7d67e9579f532cd44e9b9ac35699071f303a00/normals/pom.xml,4f7d67e9579f532cd44e9b9ac35699071f303a00,Maven POM,1,0
pom.xml,xgyb12458/dm-platform,pom.xml,/xgyb12458/dm-platform/blob/0d28a5b1d3293387d82d15a4211a31372eb7910b/pom.xml,0d28a5b1d3293387d82d15a4211a31372eb7910b,Maven POM,1,0
pom.xml,codice/ddf,distribution/kernel/pom.xml,/codice/ddf/blob/5b5418c6ead0d3209c61449789a83d66723a6a72/distribution/kernel/pom.xml,5b5418c6ead0d3209c61449789a83d66723a6a72,Maven POM,0,0
pom.xml,hkj123/nimbus-jose-jwt,pom.xml,/hkj123/nimbus-jose-jwt/blob/3687a12e495e8f94f0c3b1388f68a99cbe6e0836/pom.xml,3687a12e495e8f94f0c3b1388f68a99cbe6e0836,Maven POM,1,0
pom.xml,weipinghe/nimbus-jose-jwt,pom.xml,/weipinghe/nimbus-jose-jwt/blob/02d37243a29506ff44be44bbeec9df26f476ba06/pom.xml,02d37243a29506ff44be44bbeec9df26f476ba06,Maven POM,0,0
pom.xml,CROSSINGTUD/CryptoAnalysis,CryptoAnalysis/pom.xml,/CROSSINGTUD/CryptoAnalysis/blob/cd20c21e9197491a68c8544fefe86064d90eb25e/CryptoAnalysis/pom.xml,cd20c21e9197491a68c8544fefe86064d90eb25e,Maven POM,1,0
build.gradle,TenPennyTV/website,backend/build.gradle,/TenPennyTV/website/blob/ac3218a0026a3a964519937c4255a70e1e820530/backend/build.gradle,ac3218a0026a3a964519937c4255a70e1e820530,Gradle,1,0
build.gradle,CommonWealthRobotics/bowler-script-kernel,build.gradle,/CommonWealthRobotics/bowler-script-kernel/blob/db718f0f02a6f97cef0b320d031b1956060202de/build.gradle,db718f0f02a6f97cef0b320d031b1956060202de,Gradle,1,0
pom.xml,insightiotest/go,maven/pom.xml,/insightiotest/go/blob/5add0f822bca1a6bfab41b880b0ced812e7eeeaa/maven/pom.xml,5add0f822bca1a6bfab41b880b0ced812e7eeeaa,Maven POM,0,0
pom.xml,Davidc2525/HHCloudBackend,pom.xml,/Davidc2525/HHCloudBackend/blob/9a25c6f0aac0a0085728eccfdaa4408af4927691/pom.xml,9a25c6f0aac0a0085728eccfdaa4408af4927691,Maven POM,1,0
pom.xml,Jbertrius/xml-reader,pom.xml,/Jbertrius/xml-reader/blob/967bc668b83e5bf003f171b603a5fe6663973ed6/pom.xml,967bc668b83e5bf003f171b603a5fe6663973ed6,Maven POM,1,0
tink.pom.xml,thomasbrunetti3/B2,maven/tink.pom.xml,/thomasbrunetti3/B2/blob/41cf62abd48ec15df53db725be65f1dc6db04b58/maven/tink.pom.xml,41cf62abd48ec15df53db725be65f1dc6db04b58,XML,1,0
pom.xml,amitkurud/BackendCommon,pom.xml,/amitkurud/BackendCommon/blob/cb13e529a4f425ee879554c30dfe2e5985b39b8b/pom.xml,cb13e529a4f425ee879554c30dfe2e5985b39b8b,Maven POM,0,0
tink.pom.xml,sara0871/http-sara0871-google-tink,maven/tink.pom.xml,/sara0871/http-sara0871-google-tink/blob/c62749112c4f70705e25e9403db62cd5ebd23a8b/maven/tink.pom.xml,c62749112c4f70705e25e9403db62cd5ebd23a8b,XML,1,0
pom.xml,magenta-aps/datafordeler-core,pom.xml,/magenta-aps/datafordeler-core/blob/3b9ada149c2389681f77e3475e04ff5811702da6/pom.xml,3b9ada149c2389681f77e3475e04ff5811702da6,Maven POM,0,0
pom.xml,kute/purejavatest,pom.xml,/kute/purejavatest/blob/beadad7a5e2609dafeb4650dfa8460fa4430c1dc/pom.xml,beadad7a5e2609dafeb4650dfa8460fa4430c1dc,Maven POM,1,0
pom.xml,amitkurud/backend,pom.xml,/amitkurud/backend/blob/faa421dd813b97da8068ea8dd8c88a87b48e7e33/pom.xml,faa421dd813b97da8068ea8dd8c88a87b48e7e33,Maven POM,0,0
pom.xml,sean3112/safami-dependencies,pom.xml,/sean3112/safami-dependencies/blob/c13453d16702338f545767c0c38cbcd6c519e4b5/pom.xml,c13453d16702338f545767c0c38cbcd6c519e4b5,Maven POM,0,0
pom.xml,msanti04/ddf-yorktown-test,features/security/pom.xml,/msanti04/ddf-yorktown-test/blob/e6c312b144b19a7e66551060596687608e42d86a/features/security/pom.xml,e6c312b144b19a7e66551060596687608e42d86a,Maven POM,1,0
pom.xml,Jacob-Jay/Resource,platform-soa/pom.xml,/Jacob-Jay/Resource/blob/41147aa8ee30e8194cfafa3dff14ea5bf69aa9c9/platform-soa/pom.xml,41147aa8ee30e8194cfafa3dff14ea5bf69aa9c9,Maven POM,1,0
build.gradle,ArcBlock/forge-java-sdk,core/build.gradle,/ArcBlock/forge-java-sdk/blob/990331665347d9f3eedf3995fd5684e0834a1f50/core/build.gradle,990331665347d9f3eedf3995fd5684e0834a1f50,Gradle,1,0
pom.xml,gumutianqi/weteam-dependencies,pom.xml,/gumutianqi/weteam-dependencies/blob/8c60029d3b25017464909023f1e1393e92d6e001/pom.xml,8c60029d3b25017464909023f1e1393e92d6e001,Maven POM,0,0
pom.xml,ciphergateway/securityinjava,securityinjava-ssm/pom.xml,/ciphergateway/securityinjava/blob/dd58d99dca593406ccd5b4c1129fbedb31a26858/securityinjava-ssm/pom.xml,dd58d99dca593406ccd5b4c1129fbedb31a26858,Maven POM,1,0
pom.xml,codice/ddf,features/security/pom.xml,/codice/ddf/blob/5b5418c6ead0d3209c61449789a83d66723a6a72/features/security/pom.xml,5b5418c6ead0d3209c61449789a83d66723a6a72,Maven POM,0,0
pom.xml,gumutianqi/lakex-dependencies,pom.xml,/gumutianqi/lakex-dependencies/blob/2f2b901e6d1e9218a55888e00c41d8813593d0c2/pom.xml,2f2b901e6d1e9218a55888e00c41d8813593d0c2,Maven POM,0,0
pom.xml,ioootech/coco,iooo-boot-project/iooo-boot-dependencies/pom.xml,/ioootech/coco/blob/f73ea4bd0cc04d2a2a3ef188726c60299558f28e/iooo-boot-project/iooo-boot-dependencies/pom.xml,f73ea4bd0cc04d2a2a3ef188726c60299558f28e,Maven POM,0,0
pom.xml,gravitee-io/graviteeio-access-management,pom.xml,/gravitee-io/graviteeio-access-management/blob/91c756be907fe179d2cbb257f047e4799358a899/pom.xml,91c756be907fe179d2cbb257f047e4799358a899,Maven POM,0,0
build.gradle,shimingxy/MaxKey,build.gradle,/shimingxy/MaxKey/blob/bb8b55cf9f3c1bc5638975e0076ae9ff6d8d0d59/build.gradle,bb8b55cf9f3c1bc5638975e0076ae9ff6d8d0d59,Gradle,0,0
pom.xml,dneht/stand,pom.xml,/dneht/stand/blob/5b721546527f9af150c441cba8e8aa7dca5884af/pom.xml,5b721546527f9af150c441cba8e8aa7dca5884af,Maven POM,1,1
pom.xml,odpi/egeria,pom.xml,/odpi/egeria/blob/0a11b2d5adb0196222d370c4c33a920ca08343d0/pom.xml,0a11b2d5adb0196222d370c4c33a920ca08343d0,Maven POM,0,0
